{"stats":{"minecraft:picked_up":{"minecraft:oak_log":1},"minecraft:used":{"minecraft:elytra":1},"minecraft:mined":{"minecraft:oak_log":1},"minecraft:custom":{"minecraft:jump":25,"minecraft:time_since_rest":2355,"minecraft:leave_game":1,"minecraft:sprint_one_cm":7234,"minecraft:play_time":2355,"minecraft:walk_on_water_one_cm":533,"minecraft:time_since_death":2355,"minecraft:walk_one_cm":627,"minecraft:total_world_time":2355,"minecraft:walk_under_water_one_cm":945,"minecraft:swim_one_cm":150,"minecraft:fall_one_cm":842,"minecraft:fly_one_cm":5982,"minecraft:aviate_one_cm":362}},"DataVersion":3465}